Delta_Predicted,Predicted_Error,Delta_Experimental,Experimental_Error,Residue_Type
0.22765625,0.656410081,-0.89,0.02,ASP
-1.183770492,0.85331465,-0.79,0.02,ASP
0.295129534,0.459647431,0.07,0.09,ASP
-1.527512953,0.148166798,-1.6,0.1,ASP
-1.217927461,0.185580883,-1.6,0.1,ASP
-1.02761658,0.232351168,-1.6,0.1,ASP
0.105,0.177552809,0,0.1,ASP
-0.783678756,0.22380006,-1.05,0.02,GLU
0.371595745,0.456031221,-0.1,0.01,GLU
-0.535561497,0.169668063,-0.6,0.1,GLU
-0.247512953,0.157822065,-0.6,0.01,GLU
-0.701151832,0.286132787,-0.74,0.07,GLU
0.034715026,0.162837681,-0.7,0.01,GLU
-0.942279793,0.275985252,-1.19,0.1,GLU
0.594715026,0.237266485,-0.09,0.01,GLU
-0.864375,0.395984565,-0.61,0.1,GLU
-0.254715026,0.373787569,-0.2,0.1,GLU
-1.536580311,0.376284969,-0.74,0.08,GLU
-0.163636364,0.550723041,-0.05,0.01,GLU
-3.1375,0.328738118,-6.2,0.2,LYS
0.27,0.355902608,-5.9,0.2,LYS
-3.13,1.024402265,-5.2,0.2,LYS
-3.02,0,-5,0.2,LYS
-2.31,0,-4.4,0.2,LYS
-2,0.99823177,-4.3,0.2,LYS
-1.524,1.460528671,-4.2,0.2,LYS
-1.205,0.152725243,-4.1,0.2,LYS
-1.546666667,1.331724029,-3.4,0.2,LYS
-0.402,0.101271911,-2.9,0.2,LYS
-3.25,0,-5.3,0.2,LYS
-2.13,0,-3.8,0.2,LYS
-2.34,1.059056184,-3.3,0.2,LYS
7.2075,1.219249257,4.9,0.2,GLU
3.62,0.596447818,4.6,0.2,GLU
6.025,0.015,3.4,0.2,GLU
4.6325,0.07854139,3.1,0.2,GLU
1.42,1.284056074,4.5,0.2,GLU
2.54,1.752579052,4.2,0.2,GLU
2.593333333,1.503924496,4,0.2,GLU
2.665,1.175,3.9,0.2,GLU
4.56,0,3.7,0.2,GLU
4.844,2.475969305,3.2,0.2,GLU
3.41,0,3,0.2,GLU
0.485,0.095,2.8,0.2,GLU
1.755,1.149880429,2.6,0.2,GLU
4.26,0,2.6,0.2,GLU
1.67,0.14,2.3,0.2,GLU
6.13,0,1.9,0.2,GLU
1.14,0,0,0.2,GLU